ASI Classification Code,Industrial Sector,Number_of_Employees.1959,Productive_Capital.1959,Number_of_Employees.1960,Number_of_Workers.1960,Material_Input.1960,Productive_Capital.1960,Number_of_Employees.1961,Number_of_Workers.1961,Material_Input.1961,Productive_Capital.1961,Number_of_Employees.1962,Number_of_Workers.1962,Material_Input.1962,Productive_Capital.1962,Number_of_Employees.1963,Number_of_Workers.1963,Material_Input.1963,Productive_Capital.1963,Number_of_Employees.1964,Number_of_Workers.1964,Material_Input.1964,Productive_Capital.1964,Number_of_Employees.1965,Number_of_Workers.1965,Material_Input.1965,Productive_Capital.1965,Fixed_Capital.1960,Working_Capital.1960,Fixed_Capital.1961,Working_Capital.1961,Fixed_Capital.1962,Working_Capital.1962,Fixed_Capital.1963,Working_Capital.1963,Fixed_Capital.1964,Working_Capital.1964,Fixed_Capital.1965,Working_Capital.1965,GO.1959,GVA.1959,GO.1960,GVA.1960,GO.1961,GVA.1961,GO.1962,GVA.1962,GO.1963,GVA.1963,GO.1964,GVA.1964,GO.1965,GVA.1965,Factory_Universe.1959,Factory_Universe.1960,Factory_Universe.1961,Factory_Universe.1962,Factory_Universe.1963,Factory_Universe.1964,Factory_Universe.1965,Factory_Sample.1959,Factory_Sample.1960,Factory_Sample.1961,Factory_Sample.1962,Factory_Sample.1963,Factory_Sample.1964,Factory_Sample.1965
203,canning and preserving of fruits and vegetables,2177,11654000,2855,2501,16019172,12991203,3464,2994,44565473,20721182,3325,2919,21903554,24742539,4777,4295,36158697,28790806,4682,4102,46477256,31308839,5321,4575,52356682,37264160,9290638,3700565,11952343,7649839,14130029,10612510,14119124,8191682,18701603,12607236,20094155,17170005,15774000,3360000,22840883,5427131,53351346,7059299,32855945,8375371,53980387,14465938,66898445,15899736,72781184,15000449,45,56,126,74,74,71,73,41,50,61,46,69,65,54
205,manufacture of grain mill products,103392,369865000,107653,90451,2106162288,389468241,99990,85889,2266328428,425914758,109769,94046,2578338022,488378410,118831,101073,2887662615,578172872,120515,100179,3422612626,595490713,105759,84285,2871016616,581359632,200470287,188997954,202817946,224667812,215728316,272650094,262923895,104832977,243562832,351927881,244574192,336785440,2226279000,156939000,2320061489,168614271,2503544604,186567597,2866891142,196539497,3271645949,233072540,3798232670,280534850,3203668943,250305574,4008,4453,4709,4924,5594,4867,5108,918,1011,1064,1045,1002,1043,1183
206,manufacture of bakery products,6503,47069000,6902,5914,65342469,35205950,8029,6853,85258056,41863075,8698,7465,97643216,51010679,9260,7985,115302902,54101558,9244,7777,124319146,57716983,11293,9100,182255220,76744272,20592686,14613264,25032820,16735255,29123998,21886681,30886812,20856746,30255736,27461247,35526100,41218172,89747000,21719000,96315569,26884415,123185156,33075235,143401907,40220553,165963950,43167949,176185646,45854680,260617980,69371480,133,148,162,166,161,163,196,78,79,80,82,91,94,103
207,sugar factories and refineries,153622,875695000,134519,108800,1293822668,1124666016,139407,114510,1597896542,1416874848,142118,115790,1491696626,1398896647,121927,96497,1147378165,1297756357,133121,105216,1668228246,1420471276,148590,115079,2164278896,1701322361,678950389,445715627,752779554,664181294,828369716,570526931,877552699,415335658,986562815,433908461,1064216871,637105490,1454413000,323831000,1897095204,391212185,2354918764,469272753,2209074673,450421330,1796142534,391112733,2427744650,459796896,3073513655,543114418,1209,1101,1171,1319,1302,1322,1406,251,314,336,375,382,413,454
209,manufacture of miscellaneous food preparations,274193,1627922000,280843,247137,6777772200,1737868596,280379,253701,4544572081,1764241287,287749,258439,4996918199,1944313225,293974,264601,5012519613,1828774567,303896,269007,5746644674,1901445219,309877,270827,6601054586,2119179193,797278018,940590578,786097979,979831308,848965042,1095248183,840797717,817304850,937223249,964221970,985383532,1133795661,4526328000,759238000,4875530911,753291202,5455591215,752777560,5995973398,792179773,5984156843,733343478,6784091316,772491719,7843969176,924018380,3985,4282,4242,4403,4604,4554,4651,1532,1662,1647,1693,1647,1752,1891
211,"distilling, rectifying and blending of spirits (alcohol)",4530,38616000,4887,3951,24014765,46603665,4242,3560,22415067,54198446,4456,3623,26362300,53812446,4612,3709,29999738,51464022,4483,3544,30938962,67615610,4220,3284,35746456,65329078,27624526,18979139,36289733,17907713,36344840,17467606,34554367,10361655,43756594,23859016,42772717,22556361,38587000,13125000,43167102,13534794,40636025,12524319,49992665,16927388,55145004,19442994,59350496,21748926,68414685,23938124,56,59,58,61,63,64,62,52,58,57,53,54,54,53
212,wine industries,558,3900000,301,255,1655800,1990214,1177,938,6668843,6415252,1302,1062,9342249,10388999,1287,1061,13209377,18059530,2895,2325,38889078,39586346,3224,2546,44001985,64574119,692146,1298068,2620718,3794534,4380136,6008863,8805086,9254444,25030931,14555415,39324210,25249909,3700000,1300000,3207519,1390195,12440286,4586031,15474729,4258037,18316326,2251243,71722252,27577861,98489927,46486238,4,4,12,10,8,12,12,4,4,12,10,8,12,12
213,breweries and manufacture of malt,650,10779000,701,572,9949535,11579291,1012,868,12799801,13302736,1210,1055,24413235,31555026,1393,1240,15471482,16067797,1196,1040,11325377,28082348,1287,1100,19854491,24148191,6005830,5573461,6422736,6877000,11736090,19818936,12335388,3740409,8810200,19272148,9087251,15060940,21739000,11593000,20666486,8141377,28029039,14095057,36193149,10178846,30767428,13221186,23626991,8092618,32207695,8750336,5,5,9,8,8,10,9,5,5,9,8,8,7,9
220,tobacco manufacture,181478,289025000,182097,169078,723086493,337938728,169554,161920,803883590,374904210,160530,152611,777702995,385615894,138035,131535,836825812,410763000,137024,127293,876255184,433212065,131369,120334,1102113910,459707946,80741790,257196938,77760422,286360788,84752285,300863609,84729301,260083699,86948808,346263257,95370305,364337641,1085300000,225036000,1185809705,243716552,1302677446,271894189,1287106098,269869981,1473311700,295162524,1610963992,308486662,1918570479,402067153,2690,2685,2676,2364,1936,1933,1910,825,803,829,728,640,680,680
231,"spinning, weaving and finishing of textiles",1159824,3640798000,1153620,1074273,5729057044,3646460874,1189664,1117930,6678578053,4424076607,1205246,1128145,7020924974,5303105569,1208194,1129082,7747544881,5838846348,1258918,1156383,8613362207,6248042738,1249663,1135476,9310377935,6497743130,2235821657,1410639227,2591923449,1839514158,3029049901,2274046668,3537409125,2110963223,3924615784,2315062754,4228074305,2269668825,7653556000,2402899000,9064835236,2801714182,10518347485,3152855713,11295699632,3440535603,12428446465,3621164745,13824190444,3899705295,14702989504,4049399511,3412,3687,3970,4141,4349,4363,4498,1408,1457,1513,1573,1517,1619,1726
232,knitting mills,11512,45229000,9528,8382,66191881,32923266,8779,7706,71935239,37131366,9899,8551,101631598,50954245,9409,8065,118359264,54368134,11642,9913,156711571,54970242,10647,8698,145626351,65880594,15320778,17602488,14999810,21568556,15603194,35351051,18912384,6879750,23023908,31946334,20624174,45256420,105718000,22201000,89994532,18289693,100711658,21698641,138406567,28234908,162235910,31976026,219601533,42585446,198075660,37173222,420,477,448,444,461,450,453,126,113,108,103,134,130,125
233,"cordage, rope and twine industries",7131,20769000,4226,3768,27612341,12168589,4396,4004,33083543,16222197,4859,4430,38575000,18776426,5744,5196,62088791,19713421,5090,4398,46844005,27488133,4600,3976,36827083,23655222,5814576,6354013,6781623,9439574,10166551,8609875,8994911,7112510,11961534,15526599,13048666,10606556,29120000,7271000,38242754,8765799,45451954,9543297,54466419,13341348,83258572,16666912,65374813,13518955,55969974,13549322,60,81,83,82,91,95,95,41,51,51,52,65,65,57
239,manufacture of textiles not elsewhere classified,181684,289563000,143646,131811,737674912,293811861,134700,124770,718652231,322560023,126275,115165,799771564,301489402,128180,115952,925972908,306480112,124302,110277,1199185214,351594100,117988,103565,1108897456,342611499,191397765,102414096,189709608,133019415,190484509,111004893,185593506,77035606,206223132,145370968,207388094,135223405,831074000,117356000,910508555,143284640,866055473,114790492,958171874,128001184,1112790887,134867574,1441602081,159543852,1328374769,145608988,3672,3727,3650,3569,3280,3287,3255,1695,1614,1503,1369,1406,1606,1651
241,manufacture of footwear,3273,4375000,2676,2446,18044066,4707344,2861,2550,20827235,5461505,5678,5055,40722888,30707564,7437,6666,55255299,35545407,7818,7028,60611636,33894025,7624,6781,56895187,35124954,1762645,2944699,1598042,3862463,5085447,25622117,4974866,26912541,6242781,27651244,5759107,29365847,26532000,7002000,24794006,5879709,29947394,7696780,59000903,14738575,79931805,20417745,86498643,22039685,79662679,19362217,74,69,68,80,79,96,94,46,44,30,43,57,65,46
243,manufacture of wearing apparel (except footwear),9018,26882000,9180,8296,46829454,29303485,10101,9363,56032773,32401892,10221,9350,76595203,34915504,10562,9546,86555916,37464867,11428,10215,98296319,38886288,13406,11593,106072324,48318401,9185489,20117996,9380512,22993380,10200641,24714863,10846427,16171440,11913613,26972675,15683091,32635310,68422000,16962000,67975252,17770914,80419851,19763248,102826889,20973175,116287688,22336128,136755648,28728708,155347738,36378356,189,201,212,219,231,244,271,108,97,110,103,129,148,154
251,"saw mills, planning and other wood mills",14567,57900000,13487,11779,54726050,64820210,11814,10307,57097481,49895167,14455,12388,77226800,82479572,15435,13134,103658241,92078701,18630,15910,120858886,110694560,22914,19521,133768680,180486976,41432614,23387596,28816211,21078956,45513608,36965964,46521313,45557388,53213659,57480901,73431047,107055929,81900000,27500000,87761854,26210906,86300743,21524817,121844074,31608651,154743518,34431748,175382967,36409149,205784065,48936006,156,130,130,120,132,176,197,156,130,130,120,132,176,197
252,wooden and cane containers and cane small ware,1437,2100000,1637,1535,5333963,1846667,2183,1864,9335954,5301290,1458,1315,10748450,4739779,1869,1712,15418556,5389632,2035,1796,13736979,72777034,1581,1363,12180016,5752456,1846667,906888,1603718,3697572,1636323,3103456,2135514,3254118,3771147,1963232,2989985,2762471,10600000,2000000,8705747,2514250,16030229,4909287,15123523,2938554,22188406,4753338,21459334,5512975,17712849,3639744,19,13,20,21,22,25,21,19,13,20,21,22,25,21
260,manufacture of furniture and fixtures,17944,59834000,18918,17346,74789194,70155480,22588,20304,79634997,96750069,24789,22668,97796732,111364846,24996,22541,108136251,125990008,24642,21435,119006271,135668408,25657,21475,153358373,165492705,41572163,28583317,50760519,46146550,57785133,53579713,65917033,50996975,68175286,67493122,80978157,84514548,100302000,35600000,127416264,44271764,138300100,48020707,170374906,59277900,190475340,64740782,214070025,73295064,262992025,87344578,241,274,307,335,369,396,436,126,124,141,150,181,206,217
271,"manufacture of pulp, paper and paper board",44154,494321000,51135,43850,419980545,628306969,49924,43355,485774206,696351705,55584,47762,531553934,915496005,61286,51664,626926628,1041507253,63912,53078,680937836,1229226657,66248,54699,766448904,1315811441,501317335,126989634,507560858,174717775,662076796,253419209,775392537,249480716,943508653,285718204,1002195012,313616429,596976000,182302000,665190373,181450821,755878627,200503111,834580077,233680453,1008279493,279732980,1104281802,304065901,1231363522,326657559,208,225,244,281,309,342,381,122,142,145,167,196,226,233
280,"printing, publishing and allied industries",118361,447514000,113555,92106,375014254,492366714,122201,101635,385985979,501059118,128059,106716,444130237,609866747,134993,110779,515184463,651949781,144684,118091,522034826,698406673,141808,112936,611560188,848255892,300250146,192116568,305867341,195895777,369575021,240291726,383834185,210327596,421777758,276628915,508980440,339275452,696486000,293706000,756211139,316500273,808371017,347023779,900319556,372649484,1027290410,405119440,1046088725,418100777,1229849346,494668311,2184,2560,2642,2630,2592,2529,2656,523,515,578,576,571,619,679
291,tanneries and leather finishing plants,21099,83680000,20875,17830,390222774,104496448,18718,16817,361201103,94084701,17221,14736,287073270,74574319,15977,14142,276751537,69627501,17775,14855,384410392,94618063,18064,15086,405949024,89568387,68727048,49710614,20168344,73917357,22667690,51906629,18861726,30684775,23391749,71226314,31058650,58509737,379502000,46522000,448851720,46416686,421985857,49135804,345461009,46296466,331522518,40267000,458422210,50015020,490905184,54636657,414,424,413,424,381,392,408,130,134,117,128,153,154,142
293,manufacture of leather products except footwear and other wearing apparel,1550,4552000,1073,944,6275195,4058464,1053,951,7392913,6543316,1253,1108,8483780,6495616,1219,1027,8799330,8442090,1379,1118,19769458,13749632,1915,1388,14236052,9931846,2360564,2333172,1968263,4577053,2032342,4463274,3299498,1646592,4844328,8905304,4990603,4941243,16176000,2564000,8692516,2161678,10155721,2274983,12042206,2982884,12170676,2768153,26049656,5142058,20286787,5141237,49,44,41,43,43,47,52,34,30,26,26,35,36,29
300,manufacture of rubber products,34370,228765000,39709,34538,482467320,318421731,40188,35279,503167337,324119260,42629,36946,629385793,473375982,46705,40530,701481230,514901492,49917,42219,787988587,604493207,52185,43083,912124783,602720074,167395136,151026595,145628981,178491279,243805410,229570572,268914317,234049175,306404010,298089197,325314092,277405982,598474000,196078000,762781118,251851634,826652174,287254923,1000517086,319971333,1111678855,348437651,1175940731,306877708,1382424475,377352411,239,279,320,345,382,387,421,127,133,140,147,195,203,211
311,"basic industrial chemicals, including fertilizers",43476,756507000,49833,38714,586934188,1157793247,59956,47460,765405604,1882027656,58198,47611,921166506,1976031084,62513,50910,1028820227,2430051417,66421,52247,1182415162,2701401193,78716,56669,1610830389,3148309273,894391840,342381967,1441594598,442468058,1464605424,511425660,1771761277,626554140,1999792751,701608442,2405090427,743218846,700242000,220148000,1001402794,299618062,1349889138,407276639,1609062593,451003779,1787893160,487456051,2072417938,550782271,2778503461,700006253,244,269,318,337,393,441,488,159,159,188,199,262,296,314
313,"manufacture of paints, varnishes and lacquers",5584,42100000,5783,4530,93213169,57220163,6161,4777,101653412,65912313,6710,5329,120124519,73851437,7430,5852,143330980,93099346,8060,5428,151191141,110516309,8238,5390,170108257,130162653,17990718,39229445,19540752,46371561,21150343,52701094,25226976,67872370,30316124,80200185,37580836,92581817,117600000,34900000,140629681,35969385,144758933,34811379,181930944,53833225,218329722,62583099,226575632,63533072,251278319,59924066,22,22,25,31,30,31,33,22,22,25,31,30,31,33
319,manufacture of miscellaneous chemical products,80756,666142000,84340,72391,954682010,802228833,83099,71344,1049798684,919099368,87915,74947,1174986712,1029649443,91659,77261,1341838190,1279805292,101322,80685,1641661244,1418912771,109827,86102,1894218189,1735892315,358659365,454613417,399796142,521084226,478012152,551637291,555715356,615081936,646549353,772363418,689383538,1046508777,1396163000,449259000,1525131316,479056181,1733620152,536923977,1948832014,620703731,2288003287,727011052,2664909870,783882547,3030777669,886319689,1039,1096,1168,1168,1221,1305,1339,426,406,417,429,436,509,557
321,petroleum refineries,5424,684837000,4894,3978,264588282,689980000,4716,3872,284009087,836682500,5497,4502,319694583,905985622,5262,4547,395115150,993906580,5158,4177,468198939,1073853577,8025,5399,519400132,1612901434,416144362,273835638,400875992,356207296,504646731,401338891,479193735,514712845,522021009,551832568,1135388773,477501661,529558000,187220000,471786851,153083847,522850201,181436395,542390539,163793989,641177123,177949196,678457674,156679679,737774393,138605899,113,31,46,15,35,9,21,61,27,26,15,30,9,16
331,manufacture of structural clay products,52802,135398000,60925,55857,84702560,243014049,58718,53508,96862786,215945791,66771,61046,113638543,270061879,69594,63083,124717744,296283452,72496,64737,130108275,339601268,68541,61181,133548977,352164406,199812384,43201665,148467093,67381698,174672221,95389658,185539307,96342145,222672150,116929118,244076775,108087631,141598000,71952000,191200361,85761789,219209892,101859894,256686026,117726250,280256418,123961947,290843876,121235930,299811812,124918726,588,645,694,746,817,902,925,318,363,374,371,408,458,480
332,manufacture of glass and glass products,35771,84780000,37326,34739,90062920,95007344,39402,36846,105140262,129410253,42920,39880,127648683,160377355,43476,40495,145224275,183903887,45971,41818,172042697,219073098,45279,40830,180333538,229505419,60368869,34638475,84017059,45202194,103597558,56779797,125732791,55005096,157522253,61553845,166227523,63277896,160244000,60950000,164103831,61185438,191178689,67289755,223730013,73512268,249320965,77461613,289825215,83837032,324799105,94619134,224,238,250,275,249,268,275,172,182,176,190,214,235,226
333,"manufacture of pottery, china and earthen-ware",16702,55481000,18604,16149,25406446,76236186,20254,17932,31892842,95099078,19243,16874,35697136,95395361,20860,18155,43172561,112515542,22289,19598,49516136,133385651,24312,21146,65199589,162006043,52805469,23430717,60615379,34446699,61035547,34359814,75434742,34758800,99162887,34222764,112346185,49659858,49889000,22825000,60023410,26470260,65975976,25877028,79775245,35758817,90252174,35630156,108987652,46628474,141088459,58239149,92,100,117,125,145,155,160,87,89,97,104,128,131,126
334,manufacture of cement (hydraulic),25740,539515000,28138,22393,344982709,560317239,28467,23292,423333866,627334292,28800,23356,466640636,657838226,29870,24517,504896546,722892329,31623,25493,566022446,769476769,32875,25967,670968676,885563901,522607518,37709721,524524178,102724114,509197477,148640749,543185263,179341066,605005351,164471418,659912985,225650916,444081000,108999000,535339561,133059506,638698547,149934732,724395940,186474218,786001574,198589540,854546995,189101729,1043647841,266515541,33,35,38,38,39,37,41,33,35,38,38,39,37,41
339,manufacture of non-metallic mineral products not elsewhere classified,39549,152991000,43702,39545,198159147,188044750,41198,36905,211558873,203164850,44842,39775,260018762,254824827,51851,46384,318632912,289629309,53435,45452,355062457,346775514,55036,45994,393813099,362797008,66835453,121209297,82927910,120243940,97610521,157214306,123563706,122773603,165626641,181148873,185419853,177377155,295689000,103722000,338783466,122686020,355928565,121264626,445907399,155233169,525397287,165511492,589436444,189827543,646325204,201092189,709,758,881,949,1054,1037,1123,297,307,359,352,345,381,432
341,iron and steel basic industries,167291,2640335000,181918,154427,1659173604,2730467329,196204,167138,1861416487,2955598778,273854,227083,2610962294,8543035853,287915,232524,3287913541,9551336367,314894,254946,3700526537,10250192874,319018,246827,3834013915,11375135521,2135183360,595283969,2203564020,753155758,7288665249,1254370604,8030514770,1454494289,8247152803,2003040041,8766522322,2608613199,2316058000,585356000,2665562550,687331350,2976953322,770365621,4282105439,903268105,5387176892,1307087162,6166807187,1663800137,6479553579,1677378091,759,835,971,1098,1261,1445,1601,390,420,467,551,620,753,869
342,non-ferrous basic metal industries,21845,212553000,22401,18431,446297288,302185716,22514,18335,452519652,591772280,28534,23149,530328946,830751235,30468,24909,625029360,859173353,34062,26815,766537058,1099430561,36891,28364,814613638,1323352042,173644558,128541158,244194411,351429869,385141174,445610061,413656923,411682430,536876482,562554079,737950778,585401264,473920000,109162000,599034054,125424070,641767479,161038888,775747885,189209924,971364164,263005481,1197873802,350169568,1296030413,385406909,280,291,313,378,349,391,428,139,121,124,128,164,187,192
350,manufacture of metal products except machinery and transport equipment,80899,341838000,94124,81982,697492310,514312080,103579,91112,795571378,687253405,123341,108038,1063906457,779126168,140773,121479,1215506113,999514121,131480,112624,1273553027,958055234,143235,118056,1628851357,1255240044,254789708,259522372,311376032,373600353,467021490,312104678,496351324,310704697,455560671,502494563,630376215,624863829,813021000,215850000,1040759013,281864326,1207908289,319469779,1581235712,395024837,1860853669,500646441,1910399357,482888220,2479012413,647999592,1785,2147,2373,2599,2818,3066,3343,479,546,619,698,691,786,934
360,manufacture of machinery except electrical machinery,127621,641484000,152169,131497,955213501,802582952,166434,143164,792089706,1087656782,182375,154195,954315345,1455072417,207112,177675,1216279939,1689985671,230817,188714,1463027621,2191551978,263296,208149,1921283504,2944211662,449221952,353361009,613489692,472186139,849421588,605650829,1008420157,539917514,1348796327,842755651,1877687975,1066523687,869027000,317663000,1197577892,382422726,1459867500,510747924,1749886166,601350218,2232148757,738688042,2786730374,952475752,3509515755,1119526758,2353,2746,3079,3376,3728,3780,4024,615,701,770,881,895,984,1157
370,"manufacture of electrical machinery, apparatus, appliances and supplies",76580,589765000,86669,71186,681853209,748044584,91931,78782,764212546,838621552,111399,89549,943987195,1203653559,124403,101948,1164974484,1550957109,142498,110830,1406659468,1866600576,158346,120423,1837327871,2423646528,355895140,392158444,370057191,466699361,599486183,604167376,817741456,705908653,1053201015,813399561,1243078904,1180567624,912460000,284491000,1095952979,339669619,1262410222,405512516,1520667743,428910619,1897238002,575375514,2304202288,687117553,2980277336,870396600,490,593,715,773,861,974,1028,249,279,341,364,445,517,525
381,ship building and repairing,31379,75203000,31108,26532,76728542,182720938,24873,20898,60455343,135858821,27119,22681,73029699,147292912,27893,22791,77955778,140235278,28391,22952,71790557,148304542,28656,23362,85844885,140821264,70851265,111869673,65470303,70100518,70296679,76996233,70695819,66899459,70347910,77956632,71699432,69121832,172852000,75932000,174220853,79207306,135612048,59978497,158254602,67655466,174322962,78984678,167032560,78124152,199963842,93083629,68,68,60,67,67,70,72,65,68,58,65,66,67,63
382,manufacture of rail-road equipment,145452,570200000,161809,144523,437511597,671583937,156684,140219,721651864,735908447,164172,143461,604079535,818164018,174863,150667,736928367,953041694,178598,152052,835258602,1087801356,204160,173772,984468454,1240438650,471843976,194644443,518252461,217655986,607001787,211162231,682265001,288014693,733852055,353949301,817656408,422782242,856700000,294800000,852980823,366297507,975486736,399934058,1100506478,420988363,1323820920,516445617,1469760369,560514071,1638665560,579102662,108,117,115,117,123,126,129,108,117,115,117,123,126,129
383,manufacture of motor vehicles,34795,349500000,48812,40447,783461554,572411888,52837,44643,951851222,661726317,58420,47597,822389133,700223823,62139,51332,983845292,766874393,72656,57056,1275732990,1057400496,84114,65148,1527485082,1252597844,299436327,272975561,347229188,314497129,402556528,297667295,462707470,304086923,675633832,381766664,878020662,374577182,682500000,198900000,1162930340,281211137,1361561688,276674619,1430967774,345652474,1556623460,402959229,2063141435,544165230,2525215376,676647920,46,57,68,92,104,140,172,46,57,68,92,103,140,172
385,manufacture of motor cycles and bicycles,14623,99398000,17662,14925,157434903,132609478,17425,15553,160074418,147810836,19276,17100,180061204,197224801,20642,18171,209954434,240541674,23386,19222,281360350,251358063,24692,20101,330126524,261052158,92633983,39975495,100973273,44402563,116060810,81163991,149029610,86562064,157142877,94215186,161400471,99651687,162324000,43516000,248095496,69961921,239404926,60846777,280763834,67506852,334692636,84226871,432338582,100390002,503953640,121508064,63,91,109,128,146,153,143,62,80,85,98,126,128,118
386,manufacture of aircraft,5562,155836000,6363,4804,28035827,166629416,5826,4283,23128726,179112214,6568,4591,21118164,217361616,5126,3634,19750615,232458612,6141,4708,30744760,310266902,10135,6919,51116771,382727438,43683203,122946213,45177867,133935347,46379460,170982156,41785784,190124828,58529617,251737285,80941508,301785930,54671000,29727000,65324727,28138752,60510280,28312953,92047316,41814850,60598612,31897374,89843038,45500093,135287522,66721427,20,20,21,21,23,23,25,20,20,21,21,21,21,24
511,electric light and power,51570,2100601000,51398,36818,441098710,2041822052,52431,37707,643559026,2775553262,98526,62352,679747747,3693961474,159443,115398,1019513811,6156190299,261861,189182,1306018241,13636191945,280392,203186,1667274835,19228520171,1926327817,115494235,2542029838,211562424,3211217661,482743483,4981713188,1172283111,12239370914,1396821031,16998349532,2230170639,880700000,321587000,845959516,300170118,1204704724,447509393,1304858157,434289991,2123058062,788104331,2955673964,1233052022,3601428294,1397875590,510,536,563,485,356,367,385,216,203,211,484,353,362,375
